Date,Open,High,Low,Close,Adj Close,Volume
03-01-2022,119.3799973,121.9499969,115.8199997,120.3799973,118.7832336,16775300
04-01-2022,119.5299988,120.8700027,115.7699966,119.5599976,117.9741135,20824000
05-01-2022,118,126.6200027,117.6999969,121.1600037,119.5528946,36651100
06-01-2022,124.2600021,128.3999939,123.4649963,126.6299973,124.9503326,32045800
07-01-2022,130.2400055,133.8800049,128.1799927,129.8099976,128.08815,38113000
10-01-2022,131.9900055,132.6000061,126.2300034,128.3000031,126.5981827,23372200
11-01-2022,129.2100067,134.2299957,127.4700012,132.1900024,130.4365845,23616400
12-01-2022,136.0200043,138.6999969,135.5850067,137.4100037,135.5873413,25961100
13-01-2022,135.1999969,135.9199982,131.3000031,131.3699951,129.6274567,19887700
14-01-2022,132.8099976,134.3600006,129.3500061,131.5700073,129.8248138,18614900
18-01-2022,126.2699966,132.1300049,124.8199997,128.6000061,126.8942108,26122200
19-01-2022,128.1000061,130.8600006,127.1299973,127.7399979,126.0456085,14665200
20-01-2022,135.7700043,136.75,130.6799927,131.0299988,129.2919769,28966400
21-01-2022,128.2299957,128.9600067,122.5210037,123.2300034,121.5954361,26341400
24-01-2022,119.3199997,120.7799988,115.3199997,120.3700027,118.7733688,28509300
25-01-2022,119.9100037,122.4599991,118.0400009,119.1399994,117.5596848,22224100
26-01-2022,120.9300003,120.9300003,112.961998,113.3700027,111.8662262,27513200
27-01-2022,113.1100006,114.5400009,110.2699966,111.7900009,110.3071747,21472700
28-01-2022,113.25,115.3199997,110.0599976,115.2300034,113.7015533,18892400
31-01-2022,118.1699982,125.8700027,117.5,125.7900009,124.1214752,20346500
01-02-2022,124.8099976,128,122.9700012,127.2200012,125.5325089,15036100
02-02-2022,127.6299973,127.6299973,121.1699982,122.8799973,121.2500763,14050100
03-02-2022,121.5500031,125.2699966,120.7300034,123.4700012,121.8322525,16651500
04-02-2022,121.2699966,123.9400024,119.6600037,122.2200012,120.5988312,13538200
07-02-2022,116.0999985,116.5500031,113.5999985,114.8199997,113.2969894,28589200
08-02-2022,118.1600037,122.2399979,116.8000031,121.9000015,120.2830734,22340500
09-02-2022,123.0899963,126.8000031,121.9400024,126.5,124.8220596,18253600
10-02-2022,124.1100006,128.3399963,123.4000015,123.9800034,122.3354874,16116600
11-02-2022,125.3349991,126.7200012,121.9400024,122.25,120.6284332,13889900
14-02-2022,120.5599976,122.3840027,119.3700027,121.9199982,120.3028107,13154900
15-02-2022,123.7699966,126.8050003,123.3779984,126.2399979,124.565506,14634700
16-02-2022,125.6100006,127.5800018,124.5100021,125.5599976,123.8945236,17993300
17-02-2022,125,129.3999939,124.0559998,124.4300003,122.7795181,15906000
18-02-2022,120.8799973,120.8799973,117.1999969,118.9899979,117.4116745,21201400
22-02-2022,114,114.8499985,112.0599976,112.9300003,111.4320526,21755100
23-02-2022,115.0999985,115.4000015,109.5999985,109.7200012,108.2646332,24489200
24-02-2022,100.0739975,108.9499969,100.0199966,108.9300003,107.4851151,35294700
25-02-2022,107.8899994,108.5500031,104,107.9400024,106.5082474,21428400
28-02-2022,105.9700012,107.4899979,103.6399994,105.1900024,103.7947235,23063500
01-03-2022,105.8499985,111.25,105.8499985,107.0899963,105.6695175,21218500
02-03-2022,107.3899994,107.3899994,103.2399979,105.4199982,104.0216675,20791800
03-03-2022,106.0299988,106.6299973,101.0699997,102.0500031,100.696373,21725900
04-03-2022,100.2900009,104.3899994,99.33000183,100.5999985,99.26560211,24574700
07-03-2022,99.55999756,103.3600006,98.59999847,98.66000366,97.35134125,20679400
08-03-2022,99.31999969,100.9100037,95.56999969,97.5,96.20672607,23275500
09-03-2022,100.2600021,100.9700012,98.31999969,100.9300003,99.5912323,20853600
10-03-2022,95.19000244,95.69999695,90.81999969,92.91999817,91.68747711,37671200
11-03-2022,93.26000214,93.94999695,86.68000031,86.70999908,85.55984497,39341800
14-03-2022,80.69999695,82.44999695,77.08000183,77.76000214,76.72856903,69992600
15-03-2022,75.09999847,80.13999939,73.27999878,76.76000214,75.74182892,86209300
16-03-2022,92,105.7399979,87.12000275,104.9800034,103.5875092,159834300
17-03-2022,99.13999939,101.8899994,95.76999664,100.3700027,99.03865814,80663200
18-03-2022,100.5,111.7399979,99.59999847,108.3000031,106.863472,83781800
21-03-2022,102.8099976,105.6800003,98.69999695,103.5899963,102.2159424,58882900
22-03-2022,114.0100021,118.2399979,112.3700027,114.9899979,113.4647293,88193400
23-03-2022,115.6999969,124.1110001,112.6800003,117.2399979,115.6848831,81605700
24-03-2022,112.8600006,116.5,110.8199997,115.1500015,113.622612,55850200
25-03-2022,110.5299988,113.8600006,109.4000015,112.9899979,111.4912567,42396500
28-03-2022,113.8600006,116.2300034,111.9199982,115.0899963,113.5634003,30168000
29-03-2022,118.3600006,119.5999985,115.7399979,116.7099991,115.1619186,28060900
30-03-2022,115.5400009,120.1019974,115.5400009,116.5800018,115.0336456,28381700
31-03-2022,115.0299988,115.0899963,108.7099991,108.8000031,107.356842,31240200
01-04-2022,117.6200027,118.9499969,109.75,110.1999969,108.738266,55873000
04-04-2022,115.6999969,118.2200012,113.375,117.5,115.9414368,39088500
05-04-2022,115,115,110.2300034,111,109.5276566,35226000
06-04-2022,109.2399979,109.4700012,106.1200027,107.6800003,106.2516937,23739800
07-04-2022,106.6800003,107.5299988,102.6100006,104.2699966,102.8869247,26814300
08-04-2022,104.4800034,106.4700012,103.3290024,103.5299988,102.1567383,20814900
11-04-2022,101.0899963,103.9199982,99.16000366,101.5500031,100.2030106,23504100
12-04-2022,101.1800003,102.3300018,99.38999939,99.75,98.42687988,23953600
13-04-2022,99.23999786,101.3499985,98.20999908,100.0299988,98.70316315,18330400
14-04-2022,97.29000092,99.27100372,95.30500031,95.48999786,94.22338104,20931200
18-04-2022,93.76999664,95.27999878,91.81999969,94.70999908,93.45373535,19159200
19-04-2022,92.29000092,93.94999695,90.94999695,93.5,92.25978088,23870000
20-04-2022,93.48000336,93.69999695,89.26999664,89.41000366,88.22403717,20949700
21-04-2022,89.55000305,90.01000214,85.40000153,85.98999786,84.84939575,25639000
22-04-2022,86.5,90.68000031,86.31099701,86.48999786,85.34276581,25130300
25-04-2022,82.69999695,86.16999817,81.80000305,85.83999634,84.7013855,24674000
26-04-2022,85.87000275,86.23999786,83.27999878,83.98999786,82.87592316,21194600
27-04-2022,85.31999969,89.41000366,84.77999878,88.31999969,87.14849091,29351600
28-04-2022,88.62000275,90.98000336,86.94000244,90.91000366,89.70413971,17707500
29-04-2022,101.5299988,103.5199966,96.66000366,97.08999634,95.80216217,44933400
02-05-2022,96.41000366,101.3199997,95.15000153,101.2099991,99.86751556,25479500
03-05-2022,100.1299973,102.6900024,99.43000031,100.3799973,99.04852295,15216100
04-05-2022,97.72000122,101.5699997,96.61000061,101.4100037,100.0648651,17740600
05-05-2022,97.94000244,98.47000122,94.05000305,94.63999939,93.38465881,18673100
06-05-2022,93.36000061,93.86000061,88.70999908,90.05000305,88.85554504,18568600
09-05-2022,86.95500183,88.59999847,84.43000031,84.83999634,83.71464539,23338600
10-05-2022,88.63999939,88.63999939,83.51000214,84.56999969,83.44823456,23400900
11-05-2022,85.51000214,87.51999664,81.47000122,81.73000336,80.64590454,24962400
12-05-2022,80.68000031,83.12000275,78.01000214,81.08999634,80.01438904,23833100
13-05-2022,82.12000275,88.36000061,82,87.98999786,86.82286835,20078400
16-05-2022,87.69999695,89.08000183,86.33999634,86.48000336,85.332901,19644800
17-05-2022,92.75,94.48000336,89.54000092,91.98999786,90.76980591,27330300
18-05-2022,90,91.63999939,87,87.30999756,86.15188599,18991300
19-05-2022,86.18000031,90.08999634,85.73999786,87.69000244,86.52684784,20776400
20-05-2022,88.69999695,90.16999817,84.73000336,86.79000092,85.63878632,21020800
23-05-2022,87.05999756,87.41500092,84.76000214,87.23000336,86.07295227,13998200
24-05-2022,84.98999786,85.12000275,81.54000092,82.47000122,81.376091,15214400
25-05-2022,83.72000122,84.06999969,81.06999969,82.30999756,81.21820831,23093700
26-05-2022,87.30000305,95.08999634,86.73000336,94.48000336,93.22678375,50825000
27-05-2022,92.20999908,94.5,90.37000275,93.41000366,92.17098236,26716000
31-05-2022,98.33000183,99.31999969,95.44999695,96.05000305,94.77596283,33790000
01-06-2022,95.90000153,96.93000031,91.87999725,93.37999725,92.14137268,23730900
02-06-2022,93.66999817,97.62999725,93.40000153,97.5,96.20672607,23228100
03-06-2022,95.15000153,96,93.02300262,93.20999908,91.97362518,15855900
06-06-2022,99.63999939,102.4199982,97.91500092,99.01000214,97.69670105,37287200
07-06-2022,99.98999786,104.4599991,99.41999817,104.3199997,102.936264,35958700
08-06-2022,108.2600021,121.0550003,107.8099976,119.6200027,118.0333176,92337000
09-06-2022,115,118.2200012,109.4400024,109.9000015,108.4422455,72512300
10-06-2022,113.6600037,114.8199997,108.2399979,109.8399963,108.3830414,49859200
13-06-2022,103.6100006,104.5299988,97.58000183,98.51999664,97.2131958,36396700
14-06-2022,101.9899979,106.0749969,100.8300018,105.2300034,103.834198,28567500
15-06-2022,106.8099976,108.6299973,104.3820038,108.0299988,106.5970535,24026100
16-06-2022,102.7900009,104.9100037,100.5100021,101.4499969,100.1043243,22357800
17-06-2022,112.5400009,112.75,101.3259964,102.2399979,100.8838501,73019300
21-06-2022,105.9599991,107.0619965,103.8700027,106.3899994,104.9788055,33975000
22-06-2022,104.2300034,107.0999985,103.0800018,105.1500015,103.7552567,24233000
23-06-2022,109.9599991,113.0899963,108.0810013,112.1100006,110.6229324,33228200
24-06-2022,115.3000031,118.0899963,114.3000031,117.6200027,116.0598526,27029900
27-06-2022,119.9700012,121.3799973,117.8799973,118.7300034,117.1551285,21724300
28-06-2022,118.9800034,120.9300003,116.5100021,116.7600021,115.2112579,18659400
29-06-2022,115.8099976,117.0899963,113.7099991,116.0299988,114.4909363,13793900
30-06-2022,113.7699966,114.5999985,111.3799973,113.6800003,112.1721115,13836200
01-07-2022,113.6299973,116.625,112.9199982,116,114.4613342,16679400
05-07-2022,114.5100021,120.5299988,112.1399994,120.1299973,118.5365524,20989300
06-07-2022,118.9300003,120,115.5100021,119.1200027,117.5399551,20222700
07-07-2022,120.6299973,125,120.6299973,122.3899994,120.766571,24202000
08-07-2022,122.2600021,125.8399963,120.6999969,120.9000015,119.2963409,27221400
11-07-2022,115.4599991,115.5800018,109.3300018,109.5699997,108.1166229,31249900
12-07-2022,110.8600006,111,107.0599976,109.2099991,107.7613983,22318500
13-07-2022,106.8399963,110.6399994,106.75,109.0999985,107.6528549,16861400
14-07-2022,107.8000031,108.5400009,100.7099991,103.7600021,102.3836899,35314900
15-07-2022,103.4899979,103.6399994,97.83999634,102.4400024,101.0811996,33572300
18-07-2022,105.8799973,106.9599991,102.9499969,103.1399994,101.7719116,20503400
19-07-2022,103.9700012,104.8199997,101.5299988,104.75,103.3605576,19842500
20-07-2022,106.2399979,107.1600037,102.8499985,103.9599991,102.5810394,21897900
21-07-2022,104.0599976,106.6100006,103.6800003,105.1299973,103.7355118,17865500
22-07-2022,104.3099976,104.6999969,99.68000031,100.6100006,99.27547455,18819800
25-07-2022,100.5,101.2699966,98.73999786,101.0599976,99.71950531,16604300
26-07-2022,104.3099976,105.25,100.8099976,101.4400024,100.0944672,28004300
27-07-2022,102.1999969,102.9700012,99.80000305,102.7799988,101.416687,19366600
28-07-2022,101.9199982,102.6800003,95.62000275,100.5500031,99.21627045,33875400
29-07-2022,94.22000122,94.22000122,89.11000061,89.37000275,88.18457031,59201800
01-08-2022,89.19000244,90.54000092,88,90.33999634,89.14169312,36050900
02-08-2022,88.19999695,94.87000275,88.19999695,92.62000275,91.3914566,34430500
03-08-2022,92,96.30000305,90.91999817,95.72000122,94.45034027,23921700
04-08-2022,101.0699997,103,95.05999756,97.43000031,96.13765717,42517800
05-08-2022,93.06999969,94.16999817,90.73000336,92.55999756,91.33224487,27206100
08-08-2022,91.47000122,92.75,90.33999634,90.83999634,89.63506317,16194100
09-08-2022,91.19000244,93.12000275,90.59999847,91.19000244,89.98042297,16744900
10-08-2022,91.16999817,92.94999695,88.55999756,92.43000031,91.20397949,17855400
11-08-2022,94.48999786,97.70999908,93.62999725,94.87000275,93.61161041,17521200
12-08-2022,91.51000214,94.80000305,91.43000031,94.76999664,93.51293182,17846400
15-08-2022,93.19999695,94.62999725,92.37999725,94.19999695,92.95049286,14425100
16-08-2022,92.69000244,93.56999969,91.40000153,92.65000153,91.42105865,12003200
17-08-2022,91.87000275,92.38999939,89.76000214,89.76999664,88.57925415,14491500
18-08-2022,90.05000305,91.93000031,88.51999664,90.73999786,89.53639221,13418600
19-08-2022,90.41000366,91.65000153,89.18000031,89.62999725,88.44111633,12364300
22-08-2022,89.56999969,90.87999725,89.30000305,90.02999878,88.8358078,15545000
23-08-2022,89.16999817,90.18000031,86.70999908,89.83000183,88.63846588,17345900
24-08-2022,87.90000153,94.14800262,87.55000305,92.51999664,91.29277802,22808300
25-08-2022,96.05999756,101.0299988,94.94999695,99.88999939,98.56502533,39170600
26-08-2022,104.8399963,104.8499985,97.61000061,98,96.70009613,45773400
29-08-2022,98.95999908,100.9100037,96.48000336,96.59999847,95.31866455,18323500
30-08-2022,95.86000061,96.97000122,92.62000275,93.83999634,92.59526825,17865800
31-08-2022,96.66000366,98.62000275,94.91999817,95.41000366,94.14445496,16169000
01-09-2022,92.75,94.51999664,91.66999817,93.70999908,92.46699524,11929100
02-09-2022,91.76999664,93.66799927,90.76999664,91.80000305,90.58233643,12378900
06-09-2022,89.31999969,89.47000122,87.80000305,88.44999695,87.27676392,15573500
07-09-2022,88.51999664,90.86000061,87.7559967,90.59999847,89.39824677,12753300
08-09-2022,88.55999756,90.18000031,88.27999878,89.51999664,88.33257294,13291800
09-09-2022,91.05000305,92.90000153,90.72000122,92.13999939,90.91782379,10745500
12-09-2022,92.41999817,94.83999634,91.80999756,94.69000244,93.43399811,15604000
13-09-2022,90.76000214,92.18000031,89.23000336,89.47000122,88.28324127,21149800
14-09-2022,89.45999908,89.77999878,88.16999817,88.91999817,87.74053192,10843600
15-09-2022,88.62999725,91.09500122,88.19999695,88.83000183,87.65172577,12188800
16-09-2022,87.69999695,88.25,85.41999817,86.43000031,85.28356171,19322000
19-09-2022,85.09999847,87.76499939,85,87.66000366,86.49725342,12822100
20-09-2022,87.94999695,88.73000336,85.01000214,85.80000305,84.66191864,19129000
21-09-2022,85.12000275,85.16000366,81.5,81.59999847,80.5176239,23847300
22-09-2022,82.62999725,83.27999878,80.16999817,80.70999908,79.63943481,19141200
23-09-2022,79.26000214,79.76999664,77.59999847,78.80000305,77.75476837,20492100
26-09-2022,79.94000244,80.98600006,78.77999878,78.91000366,77.86331177,17880600
27-09-2022,79.43000031,80.41000366,77.09999847,77.87000275,76.8371048,16975100
28-09-2022,76.48500061,81.48000336,76.27999878,80.98999786,79.91571808,20725400
29-09-2022,78.05000305,79.19000244,76.73999786,79.05999756,78.01131439,17913600
30-09-2022,78.73999786,81.77999878,78.65000153,79.98999786,78.9289856,17116900
03-10-2022,79.76000214,80.92500305,78.05000305,80.44999695,79.38288116,13249600
04-10-2022,83,85.03299713,82.33999634,84.11000061,82.99433899,18252000
05-10-2022,84.09999847,86.29000092,83.25,84.38999939,83.27062225,13194000
06-10-2022,84.06999969,85.25,83.51999664,84.31999969,83.20154572,11583600
07-10-2022,82.34999847,83.70999908,80.75499725,81.23999786,80.16239929,11632400
10-10-2022,79.76999664,79.79000092,77.69999695,79.23999786,78.1889267,14070900
11-10-2022,77.37999725,77.83999634,74.13999939,75.37000275,74.37026978,18387900
12-10-2022,74.90000153,76.6780014,74.02999878,75.73000336,74.72549438,13247900
13-10-2022,72.23999786,75.77999878,71.40000153,75.01000214,74.01504517,17563400
14-10-2022,76.05000305,76.13999939,72.77999878,73.01999664,72.05142975,13675300
17-10-2022,75.15000153,77.87000275,75.11000061,76.76999664,75.75169373,14487400
18-10-2022,78.01000214,78.63999939,75.05999756,76.33999634,75.32739258,14970600
19-10-2022,73.27999878,74.33000183,70.51999664,71.26999664,70.324646,23094500
20-10-2022,71.59999847,74.94000244,71.55000305,72.01999664,71.06469727,19173400
21-10-2022,71.19999695,72.79000092,69.46499634,72.18000031,71.22257996,19526800
24-10-2022,63.38999939,64.09999847,58.00999832,63.15000153,62.31235886,101023200
25-10-2022,65.08000183,66.17900085,61.25999832,63.22000122,62.38142776,69302400
26-10-2022,63.36000061,69.80000305,62.91999817,68.51000214,67.60125732,52957400
27-10-2022,65.44000244,67.87999725,65.41999817,65.83999634,64.9666748,25812600
28-10-2022,63.20000076,64.15000153,61.81999969,63.74000168,62.89453125,28638000
31-10-2022,63.49000168,64.84999847,63.22000122,63.58000183,62.73665237,20645300
01-11-2022,68.01000214,68.4509964,65.63999939,65.86000061,64.98641205,27257000
02-11-2022,66.48000336,67.66999817,64.33000183,64.69999695,63.84179306,28298100
03-11-2022,63.41999817,66.87999725,63.40000153,65.20999908,64.34503174,23360500
04-11-2022,71.16999817,71.63999939,67.44999695,69.80999756,68.88401031,51292200
07-11-2022,71.30000305,71.87999725,68.67199707,69.70999908,68.78533936,26087600
08-11-2022,67.62000275,68.91999817,66.26999664,68.12999725,67.22629547,23870200
09-11-2022,66.43000031,66.77999878,64.80000305,64.83999634,63.97993469,22099300
10-11-2022,68.02999878,69.98999786,68,69.76999664,68.84454346,28757200
11-11-2022,72.31999969,72.69999695,69.30999756,70.76999664,69.83127594,38723400
14-11-2022,73.16000366,74,71.31999969,71.33000183,70.38385773,30310700
15-11-2022,78.93000031,80.37000275,77.80999756,79.30000305,78.24813843,53150500
16-11-2022,80.31999969,80.44999695,77.41000366,78.16000366,77.1232605,26637300
17-11-2022,76,85.68000031,75.76000214,84.26000214,83.14234924,62050600
18-11-2022,82.15000153,82.51999664,79.86000061,80.48000336,79.41249084,29528300
21-11-2022,78.69000244,79.05999756,76.47000122,76.93000031,75.90957642,19005100
22-11-2022,75.44000244,76.80000305,74.58000183,75.98999786,74.98204041,20694100
23-11-2022,78.19000244,78.84500122,76.84999847,78.5,77.45874786,19032700
25-11-2022,75.5,76.05000305,74.91999817,75.5,74.49854279,13036900
28-11-2022,74.73999786,77.41699982,74.68000031,75.87999725,74.87349701,19107400
29-11-2022,80.23999786,80.88999939,79.44999695,79.86000061,78.80071259,24178100
30-11-2022,82.73999786,89.625,82.25,87.55999756,86.3985672,60169600
01-12-2022,84.34999847,87.59999847,84.26000214,85.94000244,84.80006409,20243000
02-12-2022,86.05000305,91.84999847,86.05000305,90.05999756,88.86540985,35042600
05-12-2022,92.90000153,92.90000153,89.62999725,90.51999664,89.31930542,30929800
06-12-2022,91.87999725,92.56999969,89.19999695,91.44999695,90.23696899,26675700
07-12-2022,87.05999756,89.26000214,86.62000275,88.33000183,87.15836334,19507400
08-12-2022,91.97000122,94.33499908,91.08000183,94.16999817,92.92089081,29241500
09-12-2022,93.26999664,93.75,91.22499847,91.33999634,90.12843323,15452100
12-12-2022,90.08999634,90.88899994,87.75,89.41000366,88.22403717,15190200
13-12-2022,93.44999695,94.98000336,90.30000305,91.41000366,90.19750977,21150600
14-12-2022,91.05999756,91.26499939,89.5,90.91000366,89.70413971,15575500
15-12-2022,93.08999634,94.08000183,86.05000305,86.20999908,85.06648254,30419400
16-12-2022,88.80000305,90.56999969,86.61000061,86.79000092,85.63878632,25084600
19-12-2022,89.75,89.77999878,86.50099945,87.16000366,86.00388336,20737000
20-12-2022,85.04000092,87.19999695,85.04000092,85.91999817,84.78032684,15315400
21-12-2022,86.01000214,88.38700104,85.45999908,87.80999756,86.64525604,18212900
22-12-2022,89.08000183,89.69000244,86.66999817,87.97000122,86.80313873,16004800
23-12-2022,87.84999847,88.65000153,85.51999664,85.65000153,84.51390839,17949300
27-12-2022,86.55000305,90.68900299,86.20999908,89.86000061,88.66806793,22959900
28-12-2022,88.98000336,90.15000153,86.46499634,87.19999695,86.04334259,16268800
29-12-2022,87.625,89.51999664,87.05999756,89.12999725,87.94774628,12535400
30-12-2022,87.44999695,89.41000366,87.41000366,88.08999634,86.92153931,11926700
03-01-2023,91.11000061,94.44999695,90.75,91.98000336,90.75994873,27891000
04-01-2023,98.84999847,104.5199966,96.97000122,103.9199982,102.5415649,53291800
05-01-2023,101.4000015,105.6999969,100.6399994,104.5800018,103.1928177,30400400
06-01-2023,104.1100006,108,102.4599991,107.4000015,105.9754105,21072400
09-01-2023,111.9899979,113.1100006,108.1200027,110.8300018,109.3599167,42085300
10-01-2023,112.9700012,115.4800034,111.2099991,114.8799973,113.3561859,33478600
11-01-2023,114.5999985,115.2099991,112.3099976,115.0199966,113.4943314,22804400
12-01-2023,113.6600037,113.7900009,111.4499969,113.1500015,111.6491394,16590600
13-01-2023,114.5199966,117.9800034,114.0899963,117.0100021,115.4579391,25615100
17-01-2023,115.5199966,117.0100021,114.3399963,115.1900024,113.6620789,16945600
18-01-2023,116.75,116.75,113.0400009,113.2200012,111.7182083,15347900
19-01-2023,114.0199966,117,113.9700012,116.5800018,115.0336456,18489900
20-01-2023,118.302002,120.0599976,117.8000031,119.8600006,118.270134,18342700
23-01-2023,120,120.3000031,118.137001,119.5299988,117.9445114,13590200
24-01-2023,115,120,115,119.4400024,117.8557053,7807100
25-01-2023,118.5100021,120.3199997,117.5,120.25,118.6549606,9705000
26-01-2023,121,121.3000031,118.762001,120.5699997,118.9707184,11171000
27-01-2023,119.6900024,119.7099991,116.8099976,118.3799973,116.809761,18027400
30-01-2023,111.6900024,113.1500015,109.7799988,111.1999969,109.7249985,21918200
31-01-2023,109.4199982,112.0800018,108.8099976,110.1999969,108.738266,15330000
01-02-2023,111.8600006,113.9499969,110.1500015,112.8199997,111.3235168,16623000
02-02-2023,112.5,112.5250015,107.8099976,109.7399979,108.2843704,23396900
03-02-2023,108.0500031,109.5299988,105.8099976,106.3300018,104.9196014,15982200
06-02-2023,103.8199997,106.2799988,103.2200012,105.4499969,104.0512695,15337500
07-02-2023,106.8399963,107.3499985,103.7200012,105.5,104.1006088,16861700
08-02-2023,107.0999985,107.1399994,103.5500031,105.1100006,103.7157822,14329500
09-02-2023,108.5,109.8099976,107.75,108.4599991,107.021347,16281300
10-02-2023,105.8000031,106.6399994,102.7900009,103.6500015,102.2751541,18776000
13-02-2023,105.9899979,106.3499985,104.1500015,104.7900009,103.400032,18538600
14-02-2023,103.5500031,104.4800034,101.8499985,104.2200012,102.8375931,12978400
15-02-2023,102.3899994,103.4400024,102,103.0800018,101.7127151,18230200
16-02-2023,102.7099991,104.5199966,102.0299988,103.1100006,101.7423096,21747100
17-02-2023,101,101.0899963,99.25,100.0100021,98.68343353,18121600
21-02-2023,96.5,97.625,94.69999695,95.09999847,93.83855438,27172700
22-02-2023,95.57499695,95.88999939,93.55500031,94.77999878,93.52280426,24484000
23-02-2023,100.0999985,100.4700012,92.12999725,94.16000366,92.91103363,40482900
24-02-2023,90.06999969,91.68000031,88.02999878,89,87.81947327,36174500
27-02-2023,90.84999847,91.23999786,88.89499664,89.25,88.06615448,25840000
28-02-2023,88.45999908,89.33999634,87.26999664,87.79000092,86.62552643,24597200
01-03-2023,92.91999817,92.91999817,89.73000336,89.94999695,88.75686646,35434900
02-03-2023,88.95999908,90.91899872,87.97000122,89.75,88.55952454,24829000
03-03-2023,90.11000061,90.45999908,88.40000153,89.69999695,88.51018524,25834300
06-03-2023,89.58499908,91.30000305,88.02999878,89.62000275,88.43125153,16983900
07-03-2023,89.51999664,90.05000305,88.19999695,88.73000336,87.55305481,14514700
08-03-2023,87.38999939,87.76999664,86.44999695,86.94999695,85.79666138,14721500
09-03-2023,85.12000275,85.69000244,82.875,83.37000275,82.26415253,24327700
10-03-2023,82.63999939,84.51999664,82.33000183,82.95999908,81.85958862,18123100
13-03-2023,83.01000214,83.75499725,81.97000122,82.90000153,81.80038452,17848300
14-03-2023,82.86000061,83.91000366,82.16000366,83.84999847,82.73778534,20126100
15-03-2023,81.55000305,82.54000092,80.15000153,81.51000214,80.42882538,21025300
16-03-2023,81.45999908,82.48000336,80.66000366,82.22000122,81.12940216,22877500
17-03-2023,84,84.16000366,80.62000275,81.66999817,80.58670044,23711100
20-03-2023,80.15000153,81.90000153,79.48000336,81,79.92559052,19536500
21-03-2023,82.45999908,84.08799744,82,83.69999695,82.58976746,16529400
22-03-2023,84.83999634,85.38999939,83.51000214,83.65000153,82.54043579,21204700
23-03-2023,87.68000031,88.37999725,85.26000214,86.51999664,85.37236786,26861400
24-03-2023,85.87000275,88.11000061,85.62999725,86.90000153,85.74732971,20332500
27-03-2023,87.12999725,88.22000122,85.5,86.12000275,84.97767639,18258300
28-03-2023,95.34999847,99.51000214,92.05999756,98.40000153,97.0947876,118875200
29-03-2023,97.58999634,101.3300018,96.27999878,99.91999817,98.59461975,53695000
30-03-2023,101.3399963,105.0500031,100.5,103.3799973,102.008728,57780700
31-03-2023,102.8600006,103.5999985,101.1320038,102.1800003,100.824646,28382600
03-04-2023,100.8899994,101.75,97.61000061,98.38999939,97.08492279,26888100
04-04-2023,98.94000244,101.4700012,97.26000214,100.7200012,99.38401794,26868400
05-04-2023,99.23999786,100.4499969,97.66000366,98.55000305,97.24279785,20117700
06-04-2023,98.52999878,103.2399979,98.26999664,102.7399979,101.3772202,26849200
10-04-2023,100.6200027,102.8300018,100.5899963,101.5400009,100.1931381,16308300
11-04-2023,102.4599991,102.5400009,99.19999695,99.76000214,98.43675232,19017700
12-04-2023,97.81999969,98.88999939,93.58000183,93.83999634,92.59526825,35516000
13-04-2023,95.875,97.19000244,95.09500122,96.16999817,94.8943634,24231700
14-04-2023,95.62999725,96.12000275,93.83999634,94.55000305,93.29586029,14098700
17-04-2023,96.73999786,97.23000336,95.48999786,96.41999817,95.14105225,15714100
18-04-2023,99.01999664,99.16999817,95.18099976,95.48999786,94.22338104,20672300
19-04-2023,94.59999847,94.81999969,92.94999695,93.48999786,92.24991608,18985200
20-04-2023,93.34999847,93.79000092,90.05000305,90.73999786,89.53639221,25533900
21-04-2023,89.95999908,90.19000244,88.30000305,89.12999725,87.94774628,23097300
24-04-2023,88.40000153,88.48000336,86.04000092,86.88999939,85.73745728,22757100
25-04-2023,85.31999969,85.69999695,82.21199799,82.91999817,81.82011414,36441300
26-04-2023,85.04000092,85.22000122,82.76000214,82.81999969,81.72144318,24983000
27-04-2023,83.06999969,84.63999939,82.63999939,84.47000122,83.3495636,24506800
28-04-2023,84.18000031,85.08000183,83.87000275,84.69000244,83.56664276,18109300
01-05-2023,84.15000153,85.27999878,83.77100372,84.16000366,83.04367828,12909200
02-05-2023,83.15000153,83.27999878,80.65399933,81.52999878,80.44855499,20689500
03-05-2023,81.30500031,82,80.48999786,81.48000336,80.39922333,17759400
04-05-2023,82.38999939,83.12999725,81.80000305,82.48999786,81.39582062,23773800
05-05-2023,82.75,83.37999725,82.02999878,83.22000122,82.11614227,17500600
08-05-2023,83.62999725,83.69999695,82.33999634,83.30999756,82.2049408,17392900
09-05-2023,80.54499817,82.66000366,80.15000153,82.22000122,81.12940216,13457400
10-05-2023,82.13999939,84.5,81.76999664,82.94999695,81.84971619,16868100
11-05-2023,85.43000031,88.48000336,84.81999969,87.88999939,86.72419739,28104200
12-05-2023,86.70999908,86.70999908,84.76000214,85.33999634,84.20801544,19031400
15-05-2023,87.12999725,88.40000153,85.83300018,88.33999634,87.16822052,23691200
16-05-2023,87.11000061,89.37000275,87.05999756,88.76000214,87.58265686,18177900
17-05-2023,88.45999908,91.43000031,88.01000214,90.68000031,89.47718811,27670700
18-05-2023,90.80999756,91,85,85.76999664,84.63230896,60258600
19-05-2023,83.84999847,85.19999695,83.48000336,83.98000336,82.86606598,21538500
22-05-2023,85.66999817,87.48000336,85.65000153,86.09999847,84.95793915,16951300
23-05-2023,84.16000366,84.97499847,82.69999695,82.87999725,81.78064728,19917800
24-05-2023,82.16500092,82.59999847,80.87999725,81.20999908,80.13279724,17045800
25-05-2023,80.58999634,80.70999908,78.12000275,78.77999878,77.73503113,21811600
26-05-2023,79.90000153,81.56600189,78.40000153,80.97000122,79.89598846,16399200
30-05-2023,80.12000275,80.69999695,78.16999817,78.66999817,77.62648773,21209600
31-05-2023,79.58000183,79.66500092,77.76999664,79.55000305,78.49481964,16206300
01-06-2023,79.34999847,84,79.34999847,83,81.89905548,23217600
02-06-2023,85.08000183,86.02999878,84.13999939,84.26999664,83.15220642,17574200
05-06-2023,83.98999786,84.56999969,83.23999786,84.40000153,83.28048706,8204000
06-06-2023,83.5,87.05999756,83.37000275,86.69999695,85.54998016,18452000
07-06-2023,85.72000122,86.94999695,85.08999634,85.27999878,84.14881134,12886700
08-06-2023,85.16999817,86.94999695,85.16999817,86.13999939,84.99740601,11281000
09-06-2023,86.05999756,86.83799744,85.06500244,85.5,84.36589813,12882700
12-06-2023,86.01000214,87.29000092,85.62999725,85.86000061,84.72112274,11559000
13-06-2023,87.95999908,89.22000122,87.25,87.51000214,86.34923553,16814100
14-06-2023,87.97000122,90.12000275,87.70999908,89.36000061,88.17469788,21519300
15-06-2023,91.45999908,92.76999664,90.59999847,92.19999695,90.97702026,26570500
16-06-2023,94,94.29000092,91.51999664,92.09999847,90.8783493,25048200
20-06-2023,89.83000183,90.19999695,87.31999969,87.93000031,86.76366425,23382900
21-06-2023,87.37999725,89.16000366,86.62000275,86.76999664,85.61904907,15159900
22-06-2023,86.77999878,87.31500244,85.31999969,86.88999939,85.73745728,10272700
23-06-2023,85.80999756,85.93800354,84.37000275,84.91999817,83.79358673,14830800
26-06-2023,85.31999969,86.70999908,85.20999908,85.47000122,84.33629608,10808700
27-06-2023,86.81999969,87.61499786,86.71499634,87.12999725,85.97427368,13994500
28-06-2023,85.75,85.75,84.37999725,84.58999634,83.46796417,14113800
29-06-2023,83.38999939,83.98999786,83,83.55000305,82.44176483,13362500
30-06-2023,83.23000336,84.23000336,83.01000214,83.34999847,82.24441528,12154300
03-07-2023,84.87000275,85.63500214,84,84.06999969,82.9548645,11514400
05-07-2023,83.98000336,84.69000244,82.81999969,84.30000305,83.1818161,11203900
06-07-2023,83.12000275,83.94999695,82.63999939,83.83999634,82.7279129,12930300
07-07-2023,86.76000214,91.56999969,86.62999725,90.55000305,89.3489151,46815900
10-07-2023,90.05000305,92.04000092,89.59999847,90.55999756,89.35877991,25401800
11-07-2023,91.01999664,92.31999969,89.01000214,91.79000092,90.57246399,20768800
12-07-2023,94.11000061,95.02999878,92.55000305,94,92.75315094,24161400
13-07-2023,95.02999878,97.00499725,94.59999847,96.61000061,95.32852936,24021400
14-07-2023,95.22000122,96.08999634,94.23999786,94.55999756,93.30571747,18870000
17-07-2023,92.25,93.55000305,91.04000092,93.41000366,92.17098236,17317300
18-07-2023,91.54000092,92.20999908,90.15000153,91.19999695,89.99028778,20249700
19-07-2023,93.56999969,94.70999908,92.08999634,92.08999634,90.8684845,17228100
20-07-2023,91.69000244,93.12000275,91.34999847,91.90000153,90.68100739,14753000
21-07-2023,92.88999939,93.23000336,91.54000092,92.16999817,90.94742584,13882900
24-07-2023,92.06999969,97.46900177,91.30000305,96.34999847,95.07197571,33376100
25-07-2023,98.16999817,98.48999786,94.61000061,94.98000336,93.72015381,25827300
26-07-2023,94.94999695,97.54499817,94.83999634,97.13999939,95.85150146,15833400
27-07-2023,97.75,97.98999786,95.16100311,95.44000244,94.17404938,18685500
28-07-2023,98.06999969,101.2200012,97.95999908,100.5500031,99.21627045,31956500
31-07-2023,99.79000092,102.5,99.72000122,102.1600037,100.8049164,17726500
01-08-2023,99.87000275,101.1600037,99.30000305,100.0999985,98.77223969,14333700
02-08-2023,97.72000122,97.73999786,94.55999756,95.06999969,93.80895996,19452300
03-08-2023,96.70999908,98.48999786,96.58000183,97.58000183,96.28566742,15370900
04-08-2023,97.73500061,98.48999786,96.69000244,96.90000153,95.61468506,13434800
07-08-2023,97.77999878,97.80000305,95.02999878,96.55999756,95.27919006,13893900
08-08-2023,93.51000214,94.48000336,92.92199707,94.22000122,92.9702301,13504700
09-08-2023,96.02500153,96.30000305,94.08000183,94.84999847,93.59187317,18640100
10-08-2023,98.30999756,101.8399963,97.12000275,99.20999908,97.89404297,53193100
11-08-2023,97.33999634,97.65000153,94.33999634,95.72000122,94.45034027,25185600
14-08-2023,94.23999786,94.44999695,92.52999878,93.45999908,92.22031403,17581000
15-08-2023,93,93.01000214,90.74500275,91.58999634,90.37511444,14756300
16-08-2023,89.62999725,90.5,88.29000092,89.12000275,87.93788147,23292400
17-08-2023,91.94000244,91.94999695,90.26000214,90.65000153,89.44758606,15732300
18-08-2023,87.77999878,88.36000061,86.86000061,88.02999878,86.86233521,20391400
21-08-2023,87.59999847,88.81999969,87.22000122,88.56999969,87.39517212,14167300
22-08-2023,89.27999878,89.48999786,87.86000061,88.08000183,86.9116745,11611600
23-08-2023,88.37000275,90.58999634,88.30999756,89.83999634,88.64832306,12185700
24-08-2023,90.48999786,90.91999817,89.04000092,89.11000061,87.92801666,10684500
25-08-2023,89.25,90.04000092,88.26999664,89.81999969,88.62859344,11382200
28-08-2023,91.5,92.76999664,91.29000092,92.23999786,91.01649475,14613800
29-08-2023,93.44999695,94.09500122,92.33999634,94.02999878,92.78275299,16928000
30-08-2023,92.55000305,94.25,92.47000122,93.65000153,92.40779114,13779900
31-08-2023,92.98000336,93.36000061,92.16000366,92.90000153,91.66773987,13332400
01-09-2023,94.55000305,96.68000031,94.51999664,95.01000214,93.74975586,17452400
05-09-2023,94.52999878,95.39199829,94.06999969,94.65000153,93.39453125,10097600
06-09-2023,94.15000153,95.80000305,94.12999725,94.44999695,93.1971817,10123600
07-09-2023,91.63999939,91.76000214,88.95500183,89.97000122,88.7766037,18667200
08-09-2023,89.59999847,90.30000305,88.73000336,90.05000305,88.85554504,10333300
11-09-2023,89.73000336,90.34999847,87.70999908,88.70999908,87.53331757,15773500
12-09-2023,88.19000244,89.95999908,88.18000031,88.30000305,87.12876129,10262500
13-09-2023,87.94000244,88.29000092,87.38200378,87.63999939,86.47750854,10634900
14-09-2023,88.55000305,88.59999847,87.44000244,88,86.83273315,8643100
15-09-2023,87.76999664,88.22000122,86.81999969,87.06999969,85.91506958,10130900
18-09-2023,86.15000153,87.16999817,85.39499664,87.01999664,85.86573029,9291600
19-09-2023,86.12000275,87.87999725,86.08000183,87.11000061,85.95454407,9247000
20-09-2023,86.97000122,87.5,85.65000153,85.73999786,84.60271454,9228200
21-09-2023,83.86000061,84.77500153,83.76000214,84.11000061,82.99433899,10622200
22-09-2023,87.36499786,88.875,87.11000061,88.30000305,87.12876129,22469600
25-09-2023,85.87999725,87.26999664,85.76999664,87.22000122,86.06308746,9897200
26-09-2023,86.45999908,87.06999969,85.69999695,85.91000366,84.77046204,9666600
27-09-2023,86.37999725,86.55000305,85.30000305,86.19000244,85.0467453,7233900
28-09-2023,84.88999939,85.88999939,84.30500031,85.54000092,84.40536499,10093600
29-09-2023,87.29000092,87.94999695,86.60500336,86.73999786,85.58944702,9647300
02-10-2023,86.75,87.10500336,85.88999939,86.52999878,85.38223267,8209800
03-10-2023,84.5,85,83.94999695,84.54000092,83.41863251,11448800
04-10-2023,84.27500153,84.54000092,83.65000153,84.08000183,82.96473694,8904700
05-10-2023,83.51999664,83.70999908,82.44999695,83.66999817,82.56017303,10334500
06-10-2023,84.25,86.51499939,84,86.05999756,84.91846466,13410200
09-10-2023,83.91000366,85.20999908,83.56999969,84.84999847,83.72451782,10880000
10-10-2023,85.66999817,87.73999786,85.56999969,87.16999817,86.01374054,13557800
11-10-2023,88.01000214,88.79599762,87.14499664,87.77999878,86.61565399,11111500
12-10-2023,87.58000183,87.66999817,84.19999695,84.51000214,83.38903046,16158100
13-10-2023,84.05999756,85.48999786,83.75,84.01999664,82.90552521,10325500
16-10-2023,83.69999695,84.96499634,82.62999725,84.30999756,83.19168091,10075300
17-10-2023,82.75,84.36000061,82.55999756,83.91000366,82.79698944,8270000
18-10-2023,82.95999908,83.73000336,82.76000214,83.01000214,81.90892792,9321600
19-10-2023,81.48000336,82.39499664,81.11499786,81.61000061,80.52749634,12624100
20-10-2023,80.23000336,80.86000061,79.78299713,79.94000244,78.8796463,14618600
23-10-2023,79.41999817,80.9260025,79.01999664,80.51000214,79.44208527,12715200
24-10-2023,80.44999695,83.31999969,80.44000244,82.87000275,81.77078247,17925800
25-10-2023,81.30000305,82,80.77999878,81.02999878,79.95518494,11390200
26-10-2023,81.26499939,83.08999634,81.19999695,82.51000214,81.41555786,13010400
27-10-2023,83.87000275,84.12000275,82.48000336,82.81999969,81.72144318,10795600
30-10-2023,83.62999725,84.23999786,83.01100159,83.13999939,82.03720093,8980500
31-10-2023,81.94000244,82.54000092,80.87999725,82.54000092,81.44515991,12094300
01-11-2023,81.70500183,82.48999786,81.20999908,82.48000336,81.38595581,9550000
02-11-2023,83.65000153,83.98000336,83.02999878,83.41000366,82.30362701,10606300
03-11-2023,84.94000244,86.08000183,84.5,85.30999756,84.17841339,15122600
06-11-2023,86.55000305,86.72000122,85.23000336,85.36000061,84.22775269,9786400
07-11-2023,84.86000061,85.66000366,84.11000061,85.41000366,84.27709198,8829400
08-11-2023,84.62000275,85.73000336,84.48000336,84.80000305,83.67518616,8154600
09-11-2023,84.58000183,84.69000244,82.47499847,82.73000336,81.63264465,10885100
10-11-2023,82.41000366,82.87000275,81.66000366,82.75,81.65237427,9779500
13-11-2023,82.75,83.31500244,82.08000183,82.26000214,81.16887665,11236900
14-11-2023,82.76000214,84.53500366,82.31999969,83.87000275,82.75752258,20897600
15-11-2023,86.95999908,87.83000183,85.88999939,87.06999969,85.91506958,28991000
16-11-2023,79.51999664,80.76999664,78.23100281,79.11000061,78.06065369,63008500
17-11-2023,77.01999664,78.46600342,76.75,77.59999847,76.57068634,35497300
20-11-2023,76.91000366,78.74500275,76.55999756,78.45999908,77.41928101,31506800
21-11-2023,77.84999847,79.27500153,77.59999847,78.94000244,77.89291382,20525500
22-11-2023,79.27999878,79.70999908,78.12999725,78.95999908,77.91264343,18958600
24-11-2023,78.26999664,79.06999969,78.20999908,78.48999786,77.44887543,12251700
27-11-2023,77.55500031,79.25,77.08999634,77.52999878,76.5016098,18248200
28-11-2023,76.55999756,76.83999634,75.26000214,76.73999786,75.72209167,23682200
29-11-2023,75,75.45600128,74.42500305,74.66999817,73.67955017,30969100
30-11-2023,74.69999695,74.94000244,74.01000214,74.87999725,73.88676453,17884200
01-12-2023,73.12000275,74.13999939,72.12000275,73.98999786,73.00856781,27946500
04-12-2023,72.66999817,73.58000183,72.48000336,73.02999878,72.06130219,21074900
05-12-2023,72.04000092,72.69999695,71.91999817,72.37999725,71.41992188,19129000
06-12-2023,72.36000061,72.94999695,71.48999786,71.48999786,70.54172516,30394400
07-12-2023,71.54499817,72.37000275,71.44000244,72.33000183,71.37059021,18966700
08-12-2023,72.01999664,72.44000244,71.83000183,72.13999939,71.18310547,16868700
11-12-2023,70.48999786,71.61000061,70.08000183,71.37000275,70.42332458,19719300
12-12-2023,71.37999725,71.95500183,70.93000031,71.38999939,70.4430542,14725900
13-12-2023,70.91000366,71.48000336,70.12000275,71.45999908,70.51213074,21721600
14-12-2023,71.47000122,73.23999786,71.41999817,72.51000214,71.54820251,25199300
15-12-2023,74,75.54499817,73.31999969,74.51000214,73.52167511,31266700
18-12-2023,74.05000305,74.23000336,73.20999908,73.83999634,72.86055756,17233500
19-12-2023,74.40000153,76.01000214,74.22000122,75.38999939,74.38999939,20939300
20-12-2023,74.58000183,75.29499817,73.33000183,73.34999847,73.34999847,27540200
21-12-2023,74.86000061,76.29000092,74.34999847,76.26000214,76.26000214,20812100
22-12-2023,74.5,75.68000031,74.44000244,75.27999878,75.27999878,19962800
26-12-2023,76.16000366,76.96900177,75.73000336,75.84999847,75.84999847,13121300
27-12-2023,76.27999878,76.44999695,75.41000366,76.11000061,76.11000061,14904500
28-12-2023,77.23000336,77.79000092,76.98000336,77.23999786,77.23999786,18937900
29-12-2023,77.05999756,77.63500214,76.81999969,77.51000214,77.51000214,14035500
02-01-2024,76.05000305,76.07499695,74.51000214,74.76000214,74.76000214,21739600
03-01-2024,74.33000183,76.69000244,74.06999969,76.58999634,76.58999634,24444600
04-01-2024,75.55999756,75.72499847,74.44000244,74.66000366,74.66000366,18454900
05-01-2024,74,74,72.86000061,73.01000214,73.01000214,21679000
08-01-2024,71.25,73.05999756,70.91999817,72.87999725,72.87999725,22000000
09-01-2024,71.25,72.12000275,70.95999908,72.01999664,72.01999664,21451800
10-01-2024,71.37999725,71.77500153,71.04499817,71.41000366,71.41000366,19540000
11-01-2024,72.54499817,73.12999725,71.52999878,72.37999725,72.37999725,18095300
12-01-2024,72.58999634,73.43000031,71.80999756,71.83999634,71.83999634,16119900
16-01-2024,70.12999725,70.53099823,69.30000305,69.45999908,69.45999908,27606900
17-01-2024,67.72000122,69,67.26000214,68.93000031,68.93000031,22684400
18-01-2024,68.59999847,69.08000183,68,68.05000305,68.05000305,19307000
19-01-2024,67.19999695,69.90499878,66.91999817,69.41999817,69.41999817,34388900
22-01-2024,67.27999878,68.73799896,66.62999725,68.62999725,68.62999725,27294200
23-01-2024,72.75499725,74.5,72.55000305,74.01999664,74.01999664,53017700
24-01-2024,75.28500366,75.62000275,74.22000122,75.19999695,75.19999695,36503300
25-01-2024,75.19000244,75.5,73.55999756,73.84999847,73.84999847,23268600
26-01-2024,73.09999847,74.72000122,72.91999817,74.01000214,74.01000214,19418200
29-01-2024,74.66999817,74.80999756,72.83000183,73.58000183,73.58000183,17537400
30-01-2024,72.45999908,73.06500244,72.08499908,72.31999969,72.31999969,17089600
31-01-2024,71.49500275,72.94000244,71.49500275,72.16999817,72.16999817,15743600
01-02-2024,73.15499878,73.47000122,72.12000275,72.45999908,72.45999908,14445800
02-02-2024,72.12999725,72.23000336,71.05000305,71.84999847,71.84999847,18799300
05-02-2024,72.16999817,75.15000153,71.86000061,74.62999725,74.62999725,27721000
06-02-2024,77.04499817,78.33999634,75.73000336,78.23000336,78.23000336,39069100
07-02-2024,74.55500031,76.16999817,73.15000153,73.63999939,73.63999939,53766300
08-02-2024,71.88500214,73.19999695,70.65000153,70.77999878,70.77999878,33070600
09-02-2024,70.80000305,72.08499908,70,72.01999664,72.01999664,18998400
12-02-2024,72.30999756,74.12999725,72.30999756,73.13999939,73.13999939,18151100
13-02-2024,71.95999908,73.02999878,71.41999817,71.59999847,71.59999847,13560600
14-02-2024,72.30999756,73.41000366,72.23000336,73.38999939,73.38999939,12817500
15-02-2024,73.22000122,74.13999939,73.08499908,73.81999969,73.81999969,12078100
16-02-2024,74.86000061,75.37000275,73.90000153,73.91000366,73.91000366,16371000
20-02-2024,73.45999908,73.66999817,72.18000031,73.13999939,73.13999939,14353300
21-02-2024,74.48000336,76.38999939,74.06999969,75.58000183,75.58000183,23533800
22-02-2024,75.09999847,76.37999725,75,76.12000275,76.12000275,14836600
23-02-2024,76.48000336,76.93499756,75.15000153,75.95999908,75.95999908,12301700
26-02-2024,75.62000275,76.56999969,75.33999634,76.51000214,76.51000214,13973100
27-02-2024,77.52999878,78.05000305,77.25,77.68000031,77.68000031,14490200
28-02-2024,76.01999664,76.18000031,74.44999695,74.58999634,74.58999634,16905300
29-02-2024,74.68000031,75.04000092,73.80000305,74.02999878,74.02999878,12549200
01-03-2024,74.48000336,75.08999634,74.37000275,74.62000275,74.62000275,11955900
04-03-2024,73.73000336,73.73000336,71.69999695,72,72,19550100
05-03-2024,71.25,72.70999908,71.04000092,72.06999969,72.06999969,15804500
06-03-2024,74.19999695,74.72000122,73.61000061,73.70999908,73.70999908,19785300
07-03-2024,72.59999847,72.75800323,71.76000214,72.54000092,72.54000092,12374700
08-03-2024,72.80999756,73.76000214,72.76000214,73.55000305,73.55000305,16402500
11-03-2024,74.62999725,76.05999756,74.55000305,74.86000061,74.86000061,13510400
12-03-2024,75.87000275,76.48000336,75.21499634,76.05999756,76.05999756,13314700
13-03-2024,75.94000244,77.44999695,75.94000244,76.38999939,76.38999939,15319800
14-03-2024,75.23500061,75.38999939,73.23000336,73.40000153,73.40000153,18923500
15-03-2024,73.57499695,74.12999725,73.38999939,73.41999817,73.41999817,10223900
18-03-2024,73.41999817,74.01999664,73.33000183,73.51999664,73.51999664,8542500
19-03-2024,73.08000183,73.73500061,72.84999847,73.41999817,73.41999817,8164200
20-03-2024,73.55000305,74.33000183,73.30000305,74.18000031,74.18000031,11123200
21-03-2024,74.30000305,74.73999786,73.76999664,73.83000183,73.83000183,11860700
22-03-2024,72.48000336,72.62000275,72.04000092,72.12999725,72.12999725,12756000
25-03-2024,71.94000244,72.48999786,71.36000061,71.45999908,71.45999908,12422100
26-03-2024,71.83999634,71.87000275,71.08999634,71.48000336,71.48000336,10881900
27-03-2024,70.88999939,71.69000244,70.58300018,71.58999634,71.58999634,13281300
28-03-2024,72.08000183,72.58999634,72.05500031,72.36000061,72.36000061,14073400
01-04-2024,73.23999786,73.58200073,72.80999756,73.37000275,73.37000275,14311700
02-04-2024,72.56999969,73.13999939,72.51000214,72.87999725,72.87999725,17290400
03-04-2024,72.41999817,72.87000275,72.11000061,72.44000244,72.44000244,11777900
04-04-2024,72.98000336,73.23000336,71.90000153,71.94999695,71.94999695,11087100
05-04-2024,71.68000031,72.02500153,71.41000366,71.66000366,71.66000366,12246400
08-04-2024,71.95999908,72.38999939,71.55999756,71.70999908,71.70999908,10560000
09-04-2024,72.37000275,73.23999786,72.30999756,72.98999786,72.98999786,14075900
10-04-2024,74.44499969,75.16999817,73.73999786,74.58999634,74.58999634,20572200
11-04-2024,75.21499634,75.43000031,74.37000275,74.84999847,74.84999847,14986800
12-04-2024,72.94000244,72.98000336,71.29000092,71.29000092,71.29000092,18196100
15-04-2024,71.73000336,72.05000305,70.16999817,70.62000275,70.62000275,15903900
16-04-2024,70.01999664,70.30699921,69.29000092,69.61000061,69.61000061,17478900
17-04-2024,69.70999908,70.01000214,68.72499847,68.81999969,68.81999969,12760600
18-04-2024,69.08999634,69.625,68.80000305,68.87999725,68.87999725,9491000
19-04-2024,68.41999817,69.15000153,68.36000061,69.06999969,69.06999969,12860700
22-04-2024,69.69499969,70.90000153,69.12000275,70.68000031,70.68000031,15015600
23-04-2024,71.08000183,72.80000305,70.98999786,72.51000214,72.51000214,15268200
24-04-2024,73.73999786,74.69999695,73.5,74.62999725,74.62999725,16375200
25-04-2024,73.80500031,75.19999695,73.80500031,75.11000061,75.11000061,11921900
26-04-2024,76.18499756,76.93000031,75.05999756,75.55000305,75.55000305,14216100
29-04-2024,75.65000153,76.52999878,75.22000122,76.41000366,76.41000366,13076400
30-04-2024,75.88999939,76.29000092,74.48000336,74.84999847,74.84999847,12856000
01-05-2024,74.98999786,76.25,74.87000275,75.51000214,75.51000214,10549100
02-05-2024,77.58999634,81.41500092,77.16000366,80.33000183,80.33000183,36663900
03-05-2024,81.26999664,81.37000275,79.69999695,81.33000183,81.33000183,19355800
06-05-2024,81.75499725,82.22000122,80.5,81.55000305,81.55000305,11826100
07-05-2024,79.93000031,79.93000031,78.81500244,79.37000275,79.37000275,14589100
08-05-2024,77.91999817,78.98999786,77.80999756,78.45999908,78.45999908,11327100
09-05-2024,79.5,79.91999817,78.70999908,79.45999908,79.45999908,9627300
10-05-2024,80.08000183,80.51999664,79.76999664,80.04000092,80.04000092,10782400
